article_id,topic,source,source_url,title,published_date,article_text
RENEWABLE_001,renewable energy,Bundled public-news-style sample for offline pipeline testing; live mode uses GDELT DOC API,https://example.org/renewable-energy/article-001,WindWorks International Faced Renewable Energy Update in California,2025-01-04,"WindWorks International Faced Renewable Energy Update in California. WindWorks International faced criticism over missed clean-energy deployment targets in California. community groups said the delays could undermine climate commitments. The renewable energy sector continues to balance policy incentives, technology costs, grid reliability, and consumer demand. Executives referenced solar capacity, wind generation, storage assets, permitting timelines, and power-market conditions. The article noted investor concern, project risk, weaker sentiment, and possible pressure on future earnings. Market observers said the development could influence public opinion around renewable energy and economic policy."
RENEWABLE_002,renewable energy,Bundled public-news-style sample for offline pipeline testing; live mode uses GDELT DOC API,https://example.org/renewable-energy/article-002,GreenVolt Utilities Announced Renewable Energy Update in Illinois,2025-01-07,"GreenVolt Utilities Announced Renewable Energy Update in Illinois. GreenVolt Utilities announced a major investment in utility-scale solar capacity in Illinois. executives said the project will create jobs, reduce emissions, and improve long-term grid reliability. The renewable energy sector continues to balance policy incentives, technology costs, grid reliability, and consumer demand. Executives referenced solar capacity, wind generation, storage assets, permitting timelines, and power-market conditions. The article noted strong community support, favorable tax credits, and improved profitability expectations. Market observers said the development could influence public opinion around renewable energy and economic policy."
RENEWABLE_003,renewable energy,Bundled public-news-style sample for offline pipeline testing; live mode uses GDELT DOC API,https://example.org/renewable-energy/article-003,TerraGen Capital Cut Renewable Energy Update in Texas,2025-01-10,"TerraGen Capital Cut Renewable Energy Update in Texas. TerraGen Capital cut its annual outlook after grid-connection delays in Texas. analysts called the update disappointing and lowered near-term growth estimates. The renewable energy sector continues to balance policy incentives, technology costs, grid reliability, and consumer demand. Executives referenced solar capacity, wind generation, storage assets, permitting timelines, and power-market conditions. The article noted investor concern, project risk, weaker sentiment, and possible pressure on future earnings. Market observers said the development could influence public opinion around renewable energy and economic policy."
RENEWABLE_004,renewable energy,Bundled public-news-style sample for offline pipeline testing; live mode uses GDELT DOC API,https://example.org/renewable-energy/article-004,SolarGrid Energy Reported Renewable Energy Update in California,2025-01-13,"SolarGrid Energy Reported Renewable Energy Update in California. SolarGrid Energy reported stronger demand for renewable power purchase agreements in California. analysts described the trend as encouraging for clean-energy developers and corporate buyers. The renewable energy sector continues to balance policy incentives, technology costs, grid reliability, and consumer demand. Executives referenced solar capacity, wind generation, storage assets, permitting timelines, and power-market conditions. The article noted strong community support, favorable tax credits, and improved profitability expectations. Market observers said the development could influence public opinion around renewable energy and economic policy."
RENEWABLE_005,renewable energy,Bundled public-news-style sample for offline pipeline testing; live mode uses GDELT DOC API,https://example.org/renewable-energy/article-005,GreenVolt Utilities Warned Renewable Energy Update in Nevada,2025-01-16,"GreenVolt Utilities Warned Renewable Energy Update in Nevada. GreenVolt Utilities warned that supply-chain delays could slow renewable energy construction in Nevada. management said component shortages and permitting bottlenecks may pressure margins. The renewable energy sector continues to balance policy incentives, technology costs, grid reliability, and consumer demand. Executives referenced solar capacity, wind generation, storage assets, permitting timelines, and power-market conditions. The article noted investor concern, project risk, weaker sentiment, and possible pressure on future earnings. Market observers said the development could influence public opinion around renewable energy and economic policy."
RENEWABLE_006,renewable energy,Bundled public-news-style sample for offline pipeline testing; live mode uses GDELT DOC API,https://example.org/renewable-energy/article-006,TerraGen Capital Paused Renewable Energy Update in Illinois,2025-01-19,"TerraGen Capital Paused Renewable Energy Update in Illinois. TerraGen Capital paused a planned offshore wind project in Illinois. the decision raised concerns about financing risk and regulatory uncertainty. The renewable energy sector continues to balance policy incentives, technology costs, grid reliability, and consumer demand. Executives referenced solar capacity, wind generation, storage assets, permitting timelines, and power-market conditions. The article noted investor concern, project risk, weaker sentiment, and possible pressure on future earnings. Market observers said the development could influence public opinion around renewable energy and economic policy."
RENEWABLE_007,renewable energy,Bundled public-news-style sample for offline pipeline testing; live mode uses GDELT DOC API,https://example.org/renewable-energy/article-007,NorthStar Transmission Submitted Renewable Energy Update in Illinois,2025-01-22,"NorthStar Transmission Submitted Renewable Energy Update in Illinois. NorthStar Transmission submitted documents for a proposed clean-power facility in Illinois. regulators will review technical, environmental, and financial information. The renewable energy sector continues to balance policy incentives, technology costs, grid reliability, and consumer demand. Executives referenced solar capacity, wind generation, storage assets, permitting timelines, and power-market conditions. The article presented operational data without a strong positive or negative conclusion. Market observers said the development could influence public opinion around renewable energy and economic policy."
RENEWABLE_008,renewable energy,Bundled public-news-style sample for offline pipeline testing; live mode uses GDELT DOC API,https://example.org/renewable-energy/article-008,SunPeak Renewables Reported Renewable Energy Update in California,2025-01-25,"SunPeak Renewables Reported Renewable Energy Update in California. SunPeak Renewables reported higher costs for solar panels and inverters in California. investors reacted cautiously as inflation reduced expected project returns. The renewable energy sector continues to balance policy incentives, technology costs, grid reliability, and consumer demand. Executives referenced solar capacity, wind generation, storage assets, permitting timelines, and power-market conditions. The article noted investor concern, project risk, weaker sentiment, and possible pressure on future earnings. Market observers said the development could influence public opinion around renewable energy and economic policy."
RENEWABLE_009,renewable energy,Bundled public-news-style sample for offline pipeline testing; live mode uses GDELT DOC API,https://example.org/renewable-energy/article-009,NorthStar Transmission Reported Renewable Energy Update in Colorado,2025-01-28,"NorthStar Transmission Reported Renewable Energy Update in Colorado. NorthStar Transmission reported stronger demand for renewable power purchase agreements in Colorado. analysts described the trend as encouraging for clean-energy developers and corporate buyers. The renewable energy sector continues to balance policy incentives, technology costs, grid reliability, and consumer demand. Executives referenced solar capacity, wind generation, storage assets, permitting timelines, and power-market conditions. The article noted strong community support, favorable tax credits, and improved profitability expectations. Market observers said the development could influence public opinion around renewable energy and economic policy."
RENEWABLE_010,renewable energy,Bundled public-news-style sample for offline pipeline testing; live mode uses GDELT DOC API,https://example.org/renewable-energy/article-010,GreenVolt Utilities Announced Renewable Energy Update in Colorado,2025-01-31,"GreenVolt Utilities Announced Renewable Energy Update in Colorado. GreenVolt Utilities announced a major investment in utility-scale solar capacity in Colorado. executives said the project will create jobs, reduce emissions, and improve long-term grid reliability. The renewable energy sector continues to balance policy incentives, technology costs, grid reliability, and consumer demand. Executives referenced solar capacity, wind generation, storage assets, permitting timelines, and power-market conditions. The article noted strong community support, favorable tax credits, and improved profitability expectations. Market observers said the development could influence public opinion around renewable energy and economic policy."
RENEWABLE_011,renewable energy,Bundled public-news-style sample for offline pipeline testing; live mode uses GDELT DOC API,https://example.org/renewable-energy/article-011,NorthStar Transmission Published Renewable Energy Update in Texas,2025-02-03,"NorthStar Transmission Published Renewable Energy Update in Texas. NorthStar Transmission published a market review of clean-energy demand in Texas. the review compared solar, wind, battery storage, and hydrogen investment trends. The renewable energy sector continues to balance policy incentives, technology costs, grid reliability, and consumer demand. Executives referenced solar capacity, wind generation, storage assets, permitting timelines, and power-market conditions. The article presented operational data without a strong positive or negative conclusion. Market observers said the development could influence public opinion around renewable energy and economic policy."
RENEWABLE_012,renewable energy,Bundled public-news-style sample for offline pipeline testing; live mode uses GDELT DOC API,https://example.org/renewable-energy/article-012,BrightFuture Energy Expanded Renewable Energy Update in Arizona,2025-02-06,"BrightFuture Energy Expanded Renewable Energy Update in Arizona. BrightFuture Energy expanded its battery storage portfolio in Arizona. the expansion is expected to stabilize electricity supply during peak demand periods. The renewable energy sector continues to balance policy incentives, technology costs, grid reliability, and consumer demand. Executives referenced solar capacity, wind generation, storage assets, permitting timelines, and power-market conditions. The article noted strong community support, favorable tax credits, and improved profitability expectations. Market observers said the development could influence public opinion around renewable energy and economic policy."
RENEWABLE_013,renewable energy,Bundled public-news-style sample for offline pipeline testing; live mode uses GDELT DOC API,https://example.org/renewable-energy/article-013,TerraGen Capital Released Renewable Energy Update in Texas,2025-02-09,"TerraGen Capital Released Renewable Energy Update in Texas. TerraGen Capital released its quarterly update on renewable energy operations in Texas. the report included capacity additions, project milestones, and updated production metrics. The renewable energy sector continues to balance policy incentives, technology costs, grid reliability, and consumer demand. Executives referenced solar capacity, wind generation, storage assets, permitting timelines, and power-market conditions. The article presented operational data without a strong positive or negative conclusion. Market observers said the development could influence public opinion around renewable energy and economic policy."
RENEWABLE_014,renewable energy,Bundled public-news-style sample for offline pipeline testing; live mode uses GDELT DOC API,https://example.org/renewable-energy/article-014,TerraGen Capital Paused Renewable Energy Update in Arizona,2025-02-12,"TerraGen Capital Paused Renewable Energy Update in Arizona. TerraGen Capital paused a planned offshore wind project in Arizona. the decision raised concerns about financing risk and regulatory uncertainty. The renewable energy sector continues to balance policy incentives, technology costs, grid reliability, and consumer demand. Executives referenced solar capacity, wind generation, storage assets, permitting timelines, and power-market conditions. The article noted investor concern, project risk, weaker sentiment, and possible pressure on future earnings. Market observers said the development could influence public opinion around renewable energy and economic policy."
RENEWABLE_015,renewable energy,Bundled public-news-style sample for offline pipeline testing; live mode uses GDELT DOC API,https://example.org/renewable-energy/article-015,EcoBattery Systems Announced Renewable Energy Update in Oregon,2025-02-15,"EcoBattery Systems Announced Renewable Energy Update in Oregon. EcoBattery Systems announced a major investment in utility-scale solar capacity in Oregon. executives said the project will create jobs, reduce emissions, and improve long-term grid reliability. The renewable energy sector continues to balance policy incentives, technology costs, grid reliability, and consumer demand. Executives referenced solar capacity, wind generation, storage assets, permitting timelines, and power-market conditions. The article noted strong community support, favorable tax credits, and improved profitability expectations. Market observers said the development could influence public opinion around renewable energy and economic policy."
RENEWABLE_016,renewable energy,Bundled public-news-style sample for offline pipeline testing; live mode uses GDELT DOC API,https://example.org/renewable-energy/article-016,SolarGrid Energy Faced Renewable Energy Update in Illinois,2025-02-18,"SolarGrid Energy Faced Renewable Energy Update in Illinois. SolarGrid Energy faced criticism over missed clean-energy deployment targets in Illinois. community groups said the delays could undermine climate commitments. The renewable energy sector continues to balance policy incentives, technology costs, grid reliability, and consumer demand. Executives referenced solar capacity, wind generation, storage assets, permitting timelines, and power-market conditions. The article noted investor concern, project risk, weaker sentiment, and possible pressure on future earnings. Market observers said the development could influence public opinion around renewable energy and economic policy."
RENEWABLE_017,renewable energy,Bundled public-news-style sample for offline pipeline testing; live mode uses GDELT DOC API,https://example.org/renewable-energy/article-017,WindWorks International Expanded Renewable Energy Update in Illinois,2025-02-21,"WindWorks International Expanded Renewable Energy Update in Illinois. WindWorks International expanded its battery storage portfolio in Illinois. the expansion is expected to stabilize electricity supply during peak demand periods. The renewable energy sector continues to balance policy incentives, technology costs, grid reliability, and consumer demand. Executives referenced solar capacity, wind generation, storage assets, permitting timelines, and power-market conditions. The article noted strong community support, favorable tax credits, and improved profitability expectations. Market observers said the development could influence public opinion around renewable energy and economic policy."
RENEWABLE_018,renewable energy,Bundled public-news-style sample for offline pipeline testing; live mode uses GDELT DOC API,https://example.org/renewable-energy/article-018,SunPeak Renewables Faced Renewable Energy Update in Florida,2025-02-24,"SunPeak Renewables Faced Renewable Energy Update in Florida. SunPeak Renewables faced criticism over missed clean-energy deployment targets in Florida. community groups said the delays could undermine climate commitments. The renewable energy sector continues to balance policy incentives, technology costs, grid reliability, and consumer demand. Executives referenced solar capacity, wind generation, storage assets, permitting timelines, and power-market conditions. The article noted investor concern, project risk, weaker sentiment, and possible pressure on future earnings. Market observers said the development could influence public opinion around renewable energy and economic policy."
RENEWABLE_019,renewable energy,Bundled public-news-style sample for offline pipeline testing; live mode uses GDELT DOC API,https://example.org/renewable-energy/article-019,HydroNova Power Outlined Renewable Energy Update in Colorado,2025-02-27,"HydroNova Power Outlined Renewable Energy Update in Colorado. HydroNova Power outlined a revised timeline for a transmission upgrade in Colorado. the company said the schedule reflects coordination with regional grid operators. The renewable energy sector continues to balance policy incentives, technology costs, grid reliability, and consumer demand. Executives referenced solar capacity, wind generation, storage assets, permitting timelines, and power-market conditions. The article presented operational data without a strong positive or negative conclusion. Market observers said the development could influence public opinion around renewable energy and economic policy."
RENEWABLE_020,renewable energy,Bundled public-news-style sample for offline pipeline testing; live mode uses GDELT DOC API,https://example.org/renewable-energy/article-020,SunPeak Renewables Reported Renewable Energy Update in Texas,2025-03-02,"SunPeak Renewables Reported Renewable Energy Update in Texas. SunPeak Renewables reported higher costs for solar panels and inverters in Texas. investors reacted cautiously as inflation reduced expected project returns. The renewable energy sector continues to balance policy incentives, technology costs, grid reliability, and consumer demand. Executives referenced solar capacity, wind generation, storage assets, permitting timelines, and power-market conditions. The article noted investor concern, project risk, weaker sentiment, and possible pressure on future earnings. Market observers said the development could influence public opinion around renewable energy and economic policy."
RENEWABLE_021,renewable energy,Bundled public-news-style sample for offline pipeline testing; live mode uses GDELT DOC API,https://example.org/renewable-energy/article-021,TerraGen Capital Expanded Renewable Energy Update in Illinois,2025-03-05,"TerraGen Capital Expanded Renewable Energy Update in Illinois. TerraGen Capital expanded its battery storage portfolio in Illinois. the expansion is expected to stabilize electricity supply during peak demand periods. The renewable energy sector continues to balance policy incentives, technology costs, grid reliability, and consumer demand. Executives referenced solar capacity, wind generation, storage assets, permitting timelines, and power-market conditions. The article noted strong community support, favorable tax credits, and improved profitability expectations. Market observers said the development could influence public opinion around renewable energy and economic policy."
RENEWABLE_022,renewable energy,Bundled public-news-style sample for offline pipeline testing; live mode uses GDELT DOC API,https://example.org/renewable-energy/article-022,NorthStar Transmission Paused Renewable Energy Update in Arizona,2025-03-08,"NorthStar Transmission Paused Renewable Energy Update in Arizona. NorthStar Transmission paused a planned offshore wind project in Arizona. the decision raised concerns about financing risk and regulatory uncertainty. The renewable energy sector continues to balance policy incentives, technology costs, grid reliability, and consumer demand. Executives referenced solar capacity, wind generation, storage assets, permitting timelines, and power-market conditions. The article noted investor concern, project risk, weaker sentiment, and possible pressure on future earnings. Market observers said the development could influence public opinion around renewable energy and economic policy."
RENEWABLE_023,renewable energy,Bundled public-news-style sample for offline pipeline testing; live mode uses GDELT DOC API,https://example.org/renewable-energy/article-023,GreenVolt Utilities Warned Renewable Energy Update in Colorado,2025-03-11,"GreenVolt Utilities Warned Renewable Energy Update in Colorado. GreenVolt Utilities warned that supply-chain delays could slow renewable energy construction in Colorado. management said component shortages and permitting bottlenecks may pressure margins. The renewable energy sector continues to balance policy incentives, technology costs, grid reliability, and consumer demand. Executives referenced solar capacity, wind generation, storage assets, permitting timelines, and power-market conditions. The article noted investor concern, project risk, weaker sentiment, and possible pressure on future earnings. Market observers said the development could influence public opinion around renewable energy and economic policy."
RENEWABLE_024,renewable energy,Bundled public-news-style sample for offline pipeline testing; live mode uses GDELT DOC API,https://example.org/renewable-energy/article-024,GreenVolt Utilities Held Renewable Energy Update in California,2025-03-14,"GreenVolt Utilities Held Renewable Energy Update in California. GreenVolt Utilities held an investor briefing on renewable energy strategy in California. leaders discussed capital allocation, project economics, and policy incentives. The renewable energy sector continues to balance policy incentives, technology costs, grid reliability, and consumer demand. Executives referenced solar capacity, wind generation, storage assets, permitting timelines, and power-market conditions. The article presented operational data without a strong positive or negative conclusion. Market observers said the development could influence public opinion around renewable energy and economic policy."
RENEWABLE_025,renewable energy,Bundled public-news-style sample for offline pipeline testing; live mode uses GDELT DOC API,https://example.org/renewable-energy/article-025,SunPeak Renewables Won Renewable Energy Update in Texas,2025-03-17,"SunPeak Renewables Won Renewable Energy Update in Texas. SunPeak Renewables won a government contract for clean-grid modernization in Texas. local officials praised the award as a step toward a more resilient power system. The renewable energy sector continues to balance policy incentives, technology costs, grid reliability, and consumer demand. Executives referenced solar capacity, wind generation, storage assets, permitting timelines, and power-market conditions. The article noted strong community support, favorable tax credits, and improved profitability expectations. Market observers said the development could influence public opinion around renewable energy and economic policy."
RENEWABLE_026,renewable energy,Bundled public-news-style sample for offline pipeline testing; live mode uses GDELT DOC API,https://example.org/renewable-energy/article-026,EcoBattery Systems Cut Renewable Energy Update in Illinois,2025-03-20,"EcoBattery Systems Cut Renewable Energy Update in Illinois. EcoBattery Systems cut its annual outlook after grid-connection delays in Illinois. analysts called the update disappointing and lowered near-term growth estimates. The renewable energy sector continues to balance policy incentives, technology costs, grid reliability, and consumer demand. Executives referenced solar capacity, wind generation, storage assets, permitting timelines, and power-market conditions. The article noted investor concern, project risk, weaker sentiment, and possible pressure on future earnings. Market observers said the development could influence public opinion around renewable energy and economic policy."
RENEWABLE_027,renewable energy,Bundled public-news-style sample for offline pipeline testing; live mode uses GDELT DOC API,https://example.org/renewable-energy/article-027,NorthStar Transmission Secured Renewable Energy Update in Florida,2025-03-23,"NorthStar Transmission Secured Renewable Energy Update in Florida. NorthStar Transmission secured financing for a new wind farm in Florida. the funding package was viewed positively by investors because it lowers project execution risk. The renewable energy sector continues to balance policy incentives, technology costs, grid reliability, and consumer demand. Executives referenced solar capacity, wind generation, storage assets, permitting timelines, and power-market conditions. The article noted strong community support, favorable tax credits, and improved profitability expectations. Market observers said the development could influence public opinion around renewable energy and economic policy."
RENEWABLE_028,renewable energy,Bundled public-news-style sample for offline pipeline testing; live mode uses GDELT DOC API,https://example.org/renewable-energy/article-028,HydroNova Power Paused Renewable Energy Update in Illinois,2025-03-26,"HydroNova Power Paused Renewable Energy Update in Illinois. HydroNova Power paused a planned offshore wind project in Illinois. the decision raised concerns about financing risk and regulatory uncertainty. The renewable energy sector continues to balance policy incentives, technology costs, grid reliability, and consumer demand. Executives referenced solar capacity, wind generation, storage assets, permitting timelines, and power-market conditions. The article noted investor concern, project risk, weaker sentiment, and possible pressure on future earnings. Market observers said the development could influence public opinion around renewable energy and economic policy."
RENEWABLE_029,renewable energy,Bundled public-news-style sample for offline pipeline testing; live mode uses GDELT DOC API,https://example.org/renewable-energy/article-029,TerraGen Capital Paused Renewable Energy Update in Arizona,2025-03-29,"TerraGen Capital Paused Renewable Energy Update in Arizona. TerraGen Capital paused a planned offshore wind project in Arizona. the decision raised concerns about financing risk and regulatory uncertainty. The renewable energy sector continues to balance policy incentives, technology costs, grid reliability, and consumer demand. Executives referenced solar capacity, wind generation, storage assets, permitting timelines, and power-market conditions. The article noted investor concern, project risk, weaker sentiment, and possible pressure on future earnings. Market observers said the development could influence public opinion around renewable energy and economic policy."
RENEWABLE_030,renewable energy,Bundled public-news-style sample for offline pipeline testing; live mode uses GDELT DOC API,https://example.org/renewable-energy/article-030,NorthStar Transmission Published Renewable Energy Update in Oregon,2025-04-01,"NorthStar Transmission Published Renewable Energy Update in Oregon. NorthStar Transmission published a market review of clean-energy demand in Oregon. the review compared solar, wind, battery storage, and hydrogen investment trends. The renewable energy sector continues to balance policy incentives, technology costs, grid reliability, and consumer demand. Executives referenced solar capacity, wind generation, storage assets, permitting timelines, and power-market conditions. The article presented operational data without a strong positive or negative conclusion. Market observers said the development could influence public opinion around renewable energy and economic policy."
RENEWABLE_031,renewable energy,Bundled public-news-style sample for offline pipeline testing; live mode uses GDELT DOC API,https://example.org/renewable-energy/article-031,GreenVolt Utilities Held Renewable Energy Update in New York,2025-04-04,"GreenVolt Utilities Held Renewable Energy Update in New York. GreenVolt Utilities held an investor briefing on renewable energy strategy in New York. leaders discussed capital allocation, project economics, and policy incentives. The renewable energy sector continues to balance policy incentives, technology costs, grid reliability, and consumer demand. Executives referenced solar capacity, wind generation, storage assets, permitting timelines, and power-market conditions. The article presented operational data without a strong positive or negative conclusion. Market observers said the development could influence public opinion around renewable energy and economic policy."
RENEWABLE_032,renewable energy,Bundled public-news-style sample for offline pipeline testing; live mode uses GDELT DOC API,https://example.org/renewable-energy/article-032,WindWorks International Reported Renewable Energy Update in California,2025-04-07,"WindWorks International Reported Renewable Energy Update in California. WindWorks International reported stronger demand for renewable power purchase agreements in California. analysts described the trend as encouraging for clean-energy developers and corporate buyers. The renewable energy sector continues to balance policy incentives, technology costs, grid reliability, and consumer demand. Executives referenced solar capacity, wind generation, storage assets, permitting timelines, and power-market conditions. The article noted strong community support, favorable tax credits, and improved profitability expectations. Market observers said the development could influence public opinion around renewable energy and economic policy."
RENEWABLE_033,renewable energy,Bundled public-news-style sample for offline pipeline testing; live mode uses GDELT DOC API,https://example.org/renewable-energy/article-033,HydroNova Power Warned Renewable Energy Update in Massachusetts,2025-04-10,"HydroNova Power Warned Renewable Energy Update in Massachusetts. HydroNova Power warned that supply-chain delays could slow renewable energy construction in Massachusetts. management said component shortages and permitting bottlenecks may pressure margins. The renewable energy sector continues to balance policy incentives, technology costs, grid reliability, and consumer demand. Executives referenced solar capacity, wind generation, storage assets, permitting timelines, and power-market conditions. The article noted investor concern, project risk, weaker sentiment, and possible pressure on future earnings. Market observers said the development could influence public opinion around renewable energy and economic policy."
RENEWABLE_034,renewable energy,Bundled public-news-style sample for offline pipeline testing; live mode uses GDELT DOC API,https://example.org/renewable-energy/article-034,NorthStar Transmission Cut Renewable Energy Update in Massachusetts,2025-04-13,"NorthStar Transmission Cut Renewable Energy Update in Massachusetts. NorthStar Transmission cut its annual outlook after grid-connection delays in Massachusetts. analysts called the update disappointing and lowered near-term growth estimates. The renewable energy sector continues to balance policy incentives, technology costs, grid reliability, and consumer demand. Executives referenced solar capacity, wind generation, storage assets, permitting timelines, and power-market conditions. The article noted investor concern, project risk, weaker sentiment, and possible pressure on future earnings. Market observers said the development could influence public opinion around renewable energy and economic policy."
RENEWABLE_035,renewable energy,Bundled public-news-style sample for offline pipeline testing; live mode uses GDELT DOC API,https://example.org/renewable-energy/article-035,TerraGen Capital Warned Renewable Energy Update in Arizona,2025-04-16,"TerraGen Capital Warned Renewable Energy Update in Arizona. TerraGen Capital warned that supply-chain delays could slow renewable energy construction in Arizona. management said component shortages and permitting bottlenecks may pressure margins. The renewable energy sector continues to balance policy incentives, technology costs, grid reliability, and consumer demand. Executives referenced solar capacity, wind generation, storage assets, permitting timelines, and power-market conditions. The article noted investor concern, project risk, weaker sentiment, and possible pressure on future earnings. Market observers said the development could influence public opinion around renewable energy and economic policy."
RENEWABLE_036,renewable energy,Bundled public-news-style sample for offline pipeline testing; live mode uses GDELT DOC API,https://example.org/renewable-energy/article-036,WindWorks International Faced Renewable Energy Update in Nevada,2025-04-19,"WindWorks International Faced Renewable Energy Update in Nevada. WindWorks International faced criticism over missed clean-energy deployment targets in Nevada. community groups said the delays could undermine climate commitments. The renewable energy sector continues to balance policy incentives, technology costs, grid reliability, and consumer demand. Executives referenced solar capacity, wind generation, storage assets, permitting timelines, and power-market conditions. The article noted investor concern, project risk, weaker sentiment, and possible pressure on future earnings. Market observers said the development could influence public opinion around renewable energy and economic policy."
RENEWABLE_037,renewable energy,Bundled public-news-style sample for offline pipeline testing; live mode uses GDELT DOC API,https://example.org/renewable-energy/article-037,EcoBattery Systems Expanded Renewable Energy Update in Texas,2025-04-22,"EcoBattery Systems Expanded Renewable Energy Update in Texas. EcoBattery Systems expanded its battery storage portfolio in Texas. the expansion is expected to stabilize electricity supply during peak demand periods. The renewable energy sector continues to balance policy incentives, technology costs, grid reliability, and consumer demand. Executives referenced solar capacity, wind generation, storage assets, permitting timelines, and power-market conditions. The article noted strong community support, favorable tax credits, and improved profitability expectations. Market observers said the development could influence public opinion around renewable energy and economic policy."
RENEWABLE_038,renewable energy,Bundled public-news-style sample for offline pipeline testing; live mode uses GDELT DOC API,https://example.org/renewable-energy/article-038,HydroNova Power Secured Renewable Energy Update in Florida,2025-04-25,"HydroNova Power Secured Renewable Energy Update in Florida. HydroNova Power secured financing for a new wind farm in Florida. the funding package was viewed positively by investors because it lowers project execution risk. The renewable energy sector continues to balance policy incentives, technology costs, grid reliability, and consumer demand. Executives referenced solar capacity, wind generation, storage assets, permitting timelines, and power-market conditions. The article noted strong community support, favorable tax credits, and improved profitability expectations. Market observers said the development could influence public opinion around renewable energy and economic policy."
RENEWABLE_039,renewable energy,Bundled public-news-style sample for offline pipeline testing; live mode uses GDELT DOC API,https://example.org/renewable-energy/article-039,TerraGen Capital Released Renewable Energy Update in New York,2025-04-28,"TerraGen Capital Released Renewable Energy Update in New York. TerraGen Capital released its quarterly update on renewable energy operations in New York. the report included capacity additions, project milestones, and updated production metrics. The renewable energy sector continues to balance policy incentives, technology costs, grid reliability, and consumer demand. Executives referenced solar capacity, wind generation, storage assets, permitting timelines, and power-market conditions. The article presented operational data without a strong positive or negative conclusion. Market observers said the development could influence public opinion around renewable energy and economic policy."
RENEWABLE_040,renewable energy,Bundled public-news-style sample for offline pipeline testing; live mode uses GDELT DOC API,https://example.org/renewable-energy/article-040,SunPeak Renewables Reported Renewable Energy Update in Nevada,2025-05-01,"SunPeak Renewables Reported Renewable Energy Update in Nevada. SunPeak Renewables reported higher costs for solar panels and inverters in Nevada. investors reacted cautiously as inflation reduced expected project returns. The renewable energy sector continues to balance policy incentives, technology costs, grid reliability, and consumer demand. Executives referenced solar capacity, wind generation, storage assets, permitting timelines, and power-market conditions. The article noted investor concern, project risk, weaker sentiment, and possible pressure on future earnings. Market observers said the development could influence public opinion around renewable energy and economic policy."
RENEWABLE_041,renewable energy,Bundled public-news-style sample for offline pipeline testing; live mode uses GDELT DOC API,https://example.org/renewable-energy/article-041,HydroNova Power Reported Renewable Energy Update in Colorado,2025-05-04,"HydroNova Power Reported Renewable Energy Update in Colorado. HydroNova Power reported higher costs for solar panels and inverters in Colorado. investors reacted cautiously as inflation reduced expected project returns. The renewable energy sector continues to balance policy incentives, technology costs, grid reliability, and consumer demand. Executives referenced solar capacity, wind generation, storage assets, permitting timelines, and power-market conditions. The article noted investor concern, project risk, weaker sentiment, and possible pressure on future earnings. Market observers said the development could influence public opinion around renewable energy and economic policy."
RENEWABLE_042,renewable energy,Bundled public-news-style sample for offline pipeline testing; live mode uses GDELT DOC API,https://example.org/renewable-energy/article-042,TerraGen Capital Won Renewable Energy Update in Nevada,2025-05-07,"TerraGen Capital Won Renewable Energy Update in Nevada. TerraGen Capital won a government contract for clean-grid modernization in Nevada. local officials praised the award as a step toward a more resilient power system. The renewable energy sector continues to balance policy incentives, technology costs, grid reliability, and consumer demand. Executives referenced solar capacity, wind generation, storage assets, permitting timelines, and power-market conditions. The article noted strong community support, favorable tax credits, and improved profitability expectations. Market observers said the development could influence public opinion around renewable energy and economic policy."
RENEWABLE_043,renewable energy,Bundled public-news-style sample for offline pipeline testing; live mode uses GDELT DOC API,https://example.org/renewable-energy/article-043,EcoBattery Systems Announced Renewable Energy Update in Florida,2025-05-10,"EcoBattery Systems Announced Renewable Energy Update in Florida. EcoBattery Systems announced a major investment in utility-scale solar capacity in Florida. executives said the project will create jobs, reduce emissions, and improve long-term grid reliability. The renewable energy sector continues to balance policy incentives, technology costs, grid reliability, and consumer demand. Executives referenced solar capacity, wind generation, storage assets, permitting timelines, and power-market conditions. The article noted strong community support, favorable tax credits, and improved profitability expectations. Market observers said the development could influence public opinion around renewable energy and economic policy."
RENEWABLE_044,renewable energy,Bundled public-news-style sample for offline pipeline testing; live mode uses GDELT DOC API,https://example.org/renewable-energy/article-044,EcoBattery Systems Announced Renewable Energy Update in Arizona,2025-05-13,"EcoBattery Systems Announced Renewable Energy Update in Arizona. EcoBattery Systems announced a major investment in utility-scale solar capacity in Arizona. executives said the project will create jobs, reduce emissions, and improve long-term grid reliability. The renewable energy sector continues to balance policy incentives, technology costs, grid reliability, and consumer demand. Executives referenced solar capacity, wind generation, storage assets, permitting timelines, and power-market conditions. The article noted strong community support, favorable tax credits, and improved profitability expectations. Market observers said the development could influence public opinion around renewable energy and economic policy."
RENEWABLE_045,renewable energy,Bundled public-news-style sample for offline pipeline testing; live mode uses GDELT DOC API,https://example.org/renewable-energy/article-045,GreenVolt Utilities Announced Renewable Energy Update in Oregon,2025-05-16,"GreenVolt Utilities Announced Renewable Energy Update in Oregon. GreenVolt Utilities announced a major investment in utility-scale solar capacity in Oregon. executives said the project will create jobs, reduce emissions, and improve long-term grid reliability. The renewable energy sector continues to balance policy incentives, technology costs, grid reliability, and consumer demand. Executives referenced solar capacity, wind generation, storage assets, permitting timelines, and power-market conditions. The article noted strong community support, favorable tax credits, and improved profitability expectations. Market observers said the development could influence public opinion around renewable energy and economic policy."
RENEWABLE_046,renewable energy,Bundled public-news-style sample for offline pipeline testing; live mode uses GDELT DOC API,https://example.org/renewable-energy/article-046,BlueRiver Infrastructure Paused Renewable Energy Update in Texas,2025-05-19,"BlueRiver Infrastructure Paused Renewable Energy Update in Texas. BlueRiver Infrastructure paused a planned offshore wind project in Texas. the decision raised concerns about financing risk and regulatory uncertainty. The renewable energy sector continues to balance policy incentives, technology costs, grid reliability, and consumer demand. Executives referenced solar capacity, wind generation, storage assets, permitting timelines, and power-market conditions. The article noted investor concern, project risk, weaker sentiment, and possible pressure on future earnings. Market observers said the development could influence public opinion around renewable energy and economic policy."
RENEWABLE_047,renewable energy,Bundled public-news-style sample for offline pipeline testing; live mode uses GDELT DOC API,https://example.org/renewable-energy/article-047,HydroNova Power Cut Renewable Energy Update in New York,2025-05-22,"HydroNova Power Cut Renewable Energy Update in New York. HydroNova Power cut its annual outlook after grid-connection delays in New York. analysts called the update disappointing and lowered near-term growth estimates. The renewable energy sector continues to balance policy incentives, technology costs, grid reliability, and consumer demand. Executives referenced solar capacity, wind generation, storage assets, permitting timelines, and power-market conditions. The article noted investor concern, project risk, weaker sentiment, and possible pressure on future earnings. Market observers said the development could influence public opinion around renewable energy and economic policy."
RENEWABLE_048,renewable energy,Bundled public-news-style sample for offline pipeline testing; live mode uses GDELT DOC API,https://example.org/renewable-energy/article-048,TerraGen Capital Won Renewable Energy Update in New York,2025-05-25,"TerraGen Capital Won Renewable Energy Update in New York. TerraGen Capital won a government contract for clean-grid modernization in New York. local officials praised the award as a step toward a more resilient power system. The renewable energy sector continues to balance policy incentives, technology costs, grid reliability, and consumer demand. Executives referenced solar capacity, wind generation, storage assets, permitting timelines, and power-market conditions. The article noted strong community support, favorable tax credits, and improved profitability expectations. Market observers said the development could influence public opinion around renewable energy and economic policy."
RENEWABLE_049,renewable energy,Bundled public-news-style sample for offline pipeline testing; live mode uses GDELT DOC API,https://example.org/renewable-energy/article-049,BrightFuture Energy Won Renewable Energy Update in Massachusetts,2025-05-28,"BrightFuture Energy Won Renewable Energy Update in Massachusetts. BrightFuture Energy won a government contract for clean-grid modernization in Massachusetts. local officials praised the award as a step toward a more resilient power system. The renewable energy sector continues to balance policy incentives, technology costs, grid reliability, and consumer demand. Executives referenced solar capacity, wind generation, storage assets, permitting timelines, and power-market conditions. The article noted strong community support, favorable tax credits, and improved profitability expectations. Market observers said the development could influence public opinion around renewable energy and economic policy."
RENEWABLE_050,renewable energy,Bundled public-news-style sample for offline pipeline testing; live mode uses GDELT DOC API,https://example.org/renewable-energy/article-050,GreenVolt Utilities Published Renewable Energy Update in Arizona,2025-05-31,"GreenVolt Utilities Published Renewable Energy Update in Arizona. GreenVolt Utilities published a market review of clean-energy demand in Arizona. the review compared solar, wind, battery storage, and hydrogen investment trends. The renewable energy sector continues to balance policy incentives, technology costs, grid reliability, and consumer demand. Executives referenced solar capacity, wind generation, storage assets, permitting timelines, and power-market conditions. The article presented operational data without a strong positive or negative conclusion. Market observers said the development could influence public opinion around renewable energy and economic policy."
RENEWABLE_051,renewable energy,Bundled public-news-style sample for offline pipeline testing; live mode uses GDELT DOC API,https://example.org/renewable-energy/article-051,BlueRiver Infrastructure Released Renewable Energy Update in Nevada,2025-06-03,"BlueRiver Infrastructure Released Renewable Energy Update in Nevada. BlueRiver Infrastructure released its quarterly update on renewable energy operations in Nevada. the report included capacity additions, project milestones, and updated production metrics. The renewable energy sector continues to balance policy incentives, technology costs, grid reliability, and consumer demand. Executives referenced solar capacity, wind generation, storage assets, permitting timelines, and power-market conditions. The article presented operational data without a strong positive or negative conclusion. Market observers said the development could influence public opinion around renewable energy and economic policy."
RENEWABLE_052,renewable energy,Bundled public-news-style sample for offline pipeline testing; live mode uses GDELT DOC API,https://example.org/renewable-energy/article-052,GreenVolt Utilities Secured Renewable Energy Update in Illinois,2025-06-06,"GreenVolt Utilities Secured Renewable Energy Update in Illinois. GreenVolt Utilities secured financing for a new wind farm in Illinois. the funding package was viewed positively by investors because it lowers project execution risk. The renewable energy sector continues to balance policy incentives, technology costs, grid reliability, and consumer demand. Executives referenced solar capacity, wind generation, storage assets, permitting timelines, and power-market conditions. The article noted strong community support, favorable tax credits, and improved profitability expectations. Market observers said the development could influence public opinion around renewable energy and economic policy."
RENEWABLE_053,renewable energy,Bundled public-news-style sample for offline pipeline testing; live mode uses GDELT DOC API,https://example.org/renewable-energy/article-053,SolarGrid Energy Reported Renewable Energy Update in Oregon,2025-06-09,"SolarGrid Energy Reported Renewable Energy Update in Oregon. SolarGrid Energy reported higher costs for solar panels and inverters in Oregon. investors reacted cautiously as inflation reduced expected project returns. The renewable energy sector continues to balance policy incentives, technology costs, grid reliability, and consumer demand. Executives referenced solar capacity, wind generation, storage assets, permitting timelines, and power-market conditions. The article noted investor concern, project risk, weaker sentiment, and possible pressure on future earnings. Market observers said the development could influence public opinion around renewable energy and economic policy."
RENEWABLE_054,renewable energy,Bundled public-news-style sample for offline pipeline testing; live mode uses GDELT DOC API,https://example.org/renewable-energy/article-054,BrightFuture Energy Announced Renewable Energy Update in Illinois,2025-06-12,"BrightFuture Energy Announced Renewable Energy Update in Illinois. BrightFuture Energy announced a major investment in utility-scale solar capacity in Illinois. executives said the project will create jobs, reduce emissions, and improve long-term grid reliability. The renewable energy sector continues to balance policy incentives, technology costs, grid reliability, and consumer demand. Executives referenced solar capacity, wind generation, storage assets, permitting timelines, and power-market conditions. The article noted strong community support, favorable tax credits, and improved profitability expectations. Market observers said the development could influence public opinion around renewable energy and economic policy."
RENEWABLE_055,renewable energy,Bundled public-news-style sample for offline pipeline testing; live mode uses GDELT DOC API,https://example.org/renewable-energy/article-055,SolarGrid Energy Announced Renewable Energy Update in Illinois,2025-06-15,"SolarGrid Energy Announced Renewable Energy Update in Illinois. SolarGrid Energy announced a major investment in utility-scale solar capacity in Illinois. executives said the project will create jobs, reduce emissions, and improve long-term grid reliability. The renewable energy sector continues to balance policy incentives, technology costs, grid reliability, and consumer demand. Executives referenced solar capacity, wind generation, storage assets, permitting timelines, and power-market conditions. The article noted strong community support, favorable tax credits, and improved profitability expectations. Market observers said the development could influence public opinion around renewable energy and economic policy."
RENEWABLE_056,renewable energy,Bundled public-news-style sample for offline pipeline testing; live mode uses GDELT DOC API,https://example.org/renewable-energy/article-056,EcoBattery Systems Outlined Renewable Energy Update in Texas,2025-06-18,"EcoBattery Systems Outlined Renewable Energy Update in Texas. EcoBattery Systems outlined a revised timeline for a transmission upgrade in Texas. the company said the schedule reflects coordination with regional grid operators. The renewable energy sector continues to balance policy incentives, technology costs, grid reliability, and consumer demand. Executives referenced solar capacity, wind generation, storage assets, permitting timelines, and power-market conditions. The article presented operational data without a strong positive or negative conclusion. Market observers said the development could influence public opinion around renewable energy and economic policy."
RENEWABLE_057,renewable energy,Bundled public-news-style sample for offline pipeline testing; live mode uses GDELT DOC API,https://example.org/renewable-energy/article-057,SunPeak Renewables Won Renewable Energy Update in Florida,2025-06-21,"SunPeak Renewables Won Renewable Energy Update in Florida. SunPeak Renewables won a government contract for clean-grid modernization in Florida. local officials praised the award as a step toward a more resilient power system. The renewable energy sector continues to balance policy incentives, technology costs, grid reliability, and consumer demand. Executives referenced solar capacity, wind generation, storage assets, permitting timelines, and power-market conditions. The article noted strong community support, favorable tax credits, and improved profitability expectations. Market observers said the development could influence public opinion around renewable energy and economic policy."
RENEWABLE_058,renewable energy,Bundled public-news-style sample for offline pipeline testing; live mode uses GDELT DOC API,https://example.org/renewable-energy/article-058,HydroNova Power Cut Renewable Energy Update in Oregon,2025-06-24,"HydroNova Power Cut Renewable Energy Update in Oregon. HydroNova Power cut its annual outlook after grid-connection delays in Oregon. analysts called the update disappointing and lowered near-term growth estimates. The renewable energy sector continues to balance policy incentives, technology costs, grid reliability, and consumer demand. Executives referenced solar capacity, wind generation, storage assets, permitting timelines, and power-market conditions. The article noted investor concern, project risk, weaker sentiment, and possible pressure on future earnings. Market observers said the development could influence public opinion around renewable energy and economic policy."
RENEWABLE_059,renewable energy,Bundled public-news-style sample for offline pipeline testing; live mode uses GDELT DOC API,https://example.org/renewable-energy/article-059,GreenVolt Utilities Outlined Renewable Energy Update in Florida,2025-06-27,"GreenVolt Utilities Outlined Renewable Energy Update in Florida. GreenVolt Utilities outlined a revised timeline for a transmission upgrade in Florida. the company said the schedule reflects coordination with regional grid operators. The renewable energy sector continues to balance policy incentives, technology costs, grid reliability, and consumer demand. Executives referenced solar capacity, wind generation, storage assets, permitting timelines, and power-market conditions. The article presented operational data without a strong positive or negative conclusion. Market observers said the development could influence public opinion around renewable energy and economic policy."
RENEWABLE_060,renewable energy,Bundled public-news-style sample for offline pipeline testing; live mode uses GDELT DOC API,https://example.org/renewable-energy/article-060,WindWorks International Cut Renewable Energy Update in Texas,2025-06-30,"WindWorks International Cut Renewable Energy Update in Texas. WindWorks International cut its annual outlook after grid-connection delays in Texas. analysts called the update disappointing and lowered near-term growth estimates. The renewable energy sector continues to balance policy incentives, technology costs, grid reliability, and consumer demand. Executives referenced solar capacity, wind generation, storage assets, permitting timelines, and power-market conditions. The article noted investor concern, project risk, weaker sentiment, and possible pressure on future earnings. Market observers said the development could influence public opinion around renewable energy and economic policy."
RENEWABLE_061,renewable energy,Bundled public-news-style sample for offline pipeline testing; live mode uses GDELT DOC API,https://example.org/renewable-energy/article-061,EcoBattery Systems Held Renewable Energy Update in Massachusetts,2025-07-03,"EcoBattery Systems Held Renewable Energy Update in Massachusetts. EcoBattery Systems held an investor briefing on renewable energy strategy in Massachusetts. leaders discussed capital allocation, project economics, and policy incentives. The renewable energy sector continues to balance policy incentives, technology costs, grid reliability, and consumer demand. Executives referenced solar capacity, wind generation, storage assets, permitting timelines, and power-market conditions. The article presented operational data without a strong positive or negative conclusion. Market observers said the development could influence public opinion around renewable energy and economic policy."
RENEWABLE_062,renewable energy,Bundled public-news-style sample for offline pipeline testing; live mode uses GDELT DOC API,https://example.org/renewable-energy/article-062,SolarGrid Energy Expanded Renewable Energy Update in Texas,2025-07-06,"SolarGrid Energy Expanded Renewable Energy Update in Texas. SolarGrid Energy expanded its battery storage portfolio in Texas. the expansion is expected to stabilize electricity supply during peak demand periods. The renewable energy sector continues to balance policy incentives, technology costs, grid reliability, and consumer demand. Executives referenced solar capacity, wind generation, storage assets, permitting timelines, and power-market conditions. The article noted strong community support, favorable tax credits, and improved profitability expectations. Market observers said the development could influence public opinion around renewable energy and economic policy."
RENEWABLE_063,renewable energy,Bundled public-news-style sample for offline pipeline testing; live mode uses GDELT DOC API,https://example.org/renewable-energy/article-063,EcoBattery Systems Reported Renewable Energy Update in Texas,2025-07-09,"EcoBattery Systems Reported Renewable Energy Update in Texas. EcoBattery Systems reported stronger demand for renewable power purchase agreements in Texas. analysts described the trend as encouraging for clean-energy developers and corporate buyers. The renewable energy sector continues to balance policy incentives, technology costs, grid reliability, and consumer demand. Executives referenced solar capacity, wind generation, storage assets, permitting timelines, and power-market conditions. The article noted strong community support, favorable tax credits, and improved profitability expectations. Market observers said the development could influence public opinion around renewable energy and economic policy."
RENEWABLE_064,renewable energy,Bundled public-news-style sample for offline pipeline testing; live mode uses GDELT DOC API,https://example.org/renewable-energy/article-064,GreenVolt Utilities Outlined Renewable Energy Update in Nevada,2025-07-12,"GreenVolt Utilities Outlined Renewable Energy Update in Nevada. GreenVolt Utilities outlined a revised timeline for a transmission upgrade in Nevada. the company said the schedule reflects coordination with regional grid operators. The renewable energy sector continues to balance policy incentives, technology costs, grid reliability, and consumer demand. Executives referenced solar capacity, wind generation, storage assets, permitting timelines, and power-market conditions. The article presented operational data without a strong positive or negative conclusion. Market observers said the development could influence public opinion around renewable energy and economic policy."
RENEWABLE_065,renewable energy,Bundled public-news-style sample for offline pipeline testing; live mode uses GDELT DOC API,https://example.org/renewable-energy/article-065,NorthStar Transmission Expanded Renewable Energy Update in New York,2025-07-15,"NorthStar Transmission Expanded Renewable Energy Update in New York. NorthStar Transmission expanded its battery storage portfolio in New York. the expansion is expected to stabilize electricity supply during peak demand periods. The renewable energy sector continues to balance policy incentives, technology costs, grid reliability, and consumer demand. Executives referenced solar capacity, wind generation, storage assets, permitting timelines, and power-market conditions. The article noted strong community support, favorable tax credits, and improved profitability expectations. Market observers said the development could influence public opinion around renewable energy and economic policy."
RENEWABLE_066,renewable energy,Bundled public-news-style sample for offline pipeline testing; live mode uses GDELT DOC API,https://example.org/renewable-energy/article-066,GreenVolt Utilities Submitted Renewable Energy Update in Texas,2025-07-18,"GreenVolt Utilities Submitted Renewable Energy Update in Texas. GreenVolt Utilities submitted documents for a proposed clean-power facility in Texas. regulators will review technical, environmental, and financial information. The renewable energy sector continues to balance policy incentives, technology costs, grid reliability, and consumer demand. Executives referenced solar capacity, wind generation, storage assets, permitting timelines, and power-market conditions. The article presented operational data without a strong positive or negative conclusion. Market observers said the development could influence public opinion around renewable energy and economic policy."
RENEWABLE_067,renewable energy,Bundled public-news-style sample for offline pipeline testing; live mode uses GDELT DOC API,https://example.org/renewable-energy/article-067,WindWorks International Paused Renewable Energy Update in California,2025-07-21,"WindWorks International Paused Renewable Energy Update in California. WindWorks International paused a planned offshore wind project in California. the decision raised concerns about financing risk and regulatory uncertainty. The renewable energy sector continues to balance policy incentives, technology costs, grid reliability, and consumer demand. Executives referenced solar capacity, wind generation, storage assets, permitting timelines, and power-market conditions. The article noted investor concern, project risk, weaker sentiment, and possible pressure on future earnings. Market observers said the development could influence public opinion around renewable energy and economic policy."
RENEWABLE_068,renewable energy,Bundled public-news-style sample for offline pipeline testing; live mode uses GDELT DOC API,https://example.org/renewable-energy/article-068,SolarGrid Energy Reported Renewable Energy Update in Texas,2025-07-24,"SolarGrid Energy Reported Renewable Energy Update in Texas. SolarGrid Energy reported higher costs for solar panels and inverters in Texas. investors reacted cautiously as inflation reduced expected project returns. The renewable energy sector continues to balance policy incentives, technology costs, grid reliability, and consumer demand. Executives referenced solar capacity, wind generation, storage assets, permitting timelines, and power-market conditions. The article noted investor concern, project risk, weaker sentiment, and possible pressure on future earnings. Market observers said the development could influence public opinion around renewable energy and economic policy."
RENEWABLE_069,renewable energy,Bundled public-news-style sample for offline pipeline testing; live mode uses GDELT DOC API,https://example.org/renewable-energy/article-069,HydroNova Power Held Renewable Energy Update in Massachusetts,2025-07-27,"HydroNova Power Held Renewable Energy Update in Massachusetts. HydroNova Power held an investor briefing on renewable energy strategy in Massachusetts. leaders discussed capital allocation, project economics, and policy incentives. The renewable energy sector continues to balance policy incentives, technology costs, grid reliability, and consumer demand. Executives referenced solar capacity, wind generation, storage assets, permitting timelines, and power-market conditions. The article presented operational data without a strong positive or negative conclusion. Market observers said the development could influence public opinion around renewable energy and economic policy."
RENEWABLE_070,renewable energy,Bundled public-news-style sample for offline pipeline testing; live mode uses GDELT DOC API,https://example.org/renewable-energy/article-070,GreenVolt Utilities Reported Renewable Energy Update in Massachusetts,2025-07-30,"GreenVolt Utilities Reported Renewable Energy Update in Massachusetts. GreenVolt Utilities reported stronger demand for renewable power purchase agreements in Massachusetts. analysts described the trend as encouraging for clean-energy developers and corporate buyers. The renewable energy sector continues to balance policy incentives, technology costs, grid reliability, and consumer demand. Executives referenced solar capacity, wind generation, storage assets, permitting timelines, and power-market conditions. The article noted strong community support, favorable tax credits, and improved profitability expectations. Market observers said the development could influence public opinion around renewable energy and economic policy."
RENEWABLE_071,renewable energy,Bundled public-news-style sample for offline pipeline testing; live mode uses GDELT DOC API,https://example.org/renewable-energy/article-071,NorthStar Transmission Published Renewable Energy Update in California,2025-08-02,"NorthStar Transmission Published Renewable Energy Update in California. NorthStar Transmission published a market review of clean-energy demand in California. the review compared solar, wind, battery storage, and hydrogen investment trends. The renewable energy sector continues to balance policy incentives, technology costs, grid reliability, and consumer demand. Executives referenced solar capacity, wind generation, storage assets, permitting timelines, and power-market conditions. The article presented operational data without a strong positive or negative conclusion. Market observers said the development could influence public opinion around renewable energy and economic policy."
RENEWABLE_072,renewable energy,Bundled public-news-style sample for offline pipeline testing; live mode uses GDELT DOC API,https://example.org/renewable-energy/article-072,BlueRiver Infrastructure Submitted Renewable Energy Update in Arizona,2025-08-05,"BlueRiver Infrastructure Submitted Renewable Energy Update in Arizona. BlueRiver Infrastructure submitted documents for a proposed clean-power facility in Arizona. regulators will review technical, environmental, and financial information. The renewable energy sector continues to balance policy incentives, technology costs, grid reliability, and consumer demand. Executives referenced solar capacity, wind generation, storage assets, permitting timelines, and power-market conditions. The article presented operational data without a strong positive or negative conclusion. Market observers said the development could influence public opinion around renewable energy and economic policy."
RENEWABLE_073,renewable energy,Bundled public-news-style sample for offline pipeline testing; live mode uses GDELT DOC API,https://example.org/renewable-energy/article-073,BlueRiver Infrastructure Secured Renewable Energy Update in New York,2025-08-08,"BlueRiver Infrastructure Secured Renewable Energy Update in New York. BlueRiver Infrastructure secured financing for a new wind farm in New York. the funding package was viewed positively by investors because it lowers project execution risk. The renewable energy sector continues to balance policy incentives, technology costs, grid reliability, and consumer demand. Executives referenced solar capacity, wind generation, storage assets, permitting timelines, and power-market conditions. The article noted strong community support, favorable tax credits, and improved profitability expectations. Market observers said the development could influence public opinion around renewable energy and economic policy."
RENEWABLE_074,renewable energy,Bundled public-news-style sample for offline pipeline testing; live mode uses GDELT DOC API,https://example.org/renewable-energy/article-074,GreenVolt Utilities Paused Renewable Energy Update in California,2025-08-11,"GreenVolt Utilities Paused Renewable Energy Update in California. GreenVolt Utilities paused a planned offshore wind project in California. the decision raised concerns about financing risk and regulatory uncertainty. The renewable energy sector continues to balance policy incentives, technology costs, grid reliability, and consumer demand. Executives referenced solar capacity, wind generation, storage assets, permitting timelines, and power-market conditions. The article noted investor concern, project risk, weaker sentiment, and possible pressure on future earnings. Market observers said the development could influence public opinion around renewable energy and economic policy."
RENEWABLE_075,renewable energy,Bundled public-news-style sample for offline pipeline testing; live mode uses GDELT DOC API,https://example.org/renewable-energy/article-075,SolarGrid Energy Announced Renewable Energy Update in Colorado,2025-08-14,"SolarGrid Energy Announced Renewable Energy Update in Colorado. SolarGrid Energy announced a major investment in utility-scale solar capacity in Colorado. executives said the project will create jobs, reduce emissions, and improve long-term grid reliability. The renewable energy sector continues to balance policy incentives, technology costs, grid reliability, and consumer demand. Executives referenced solar capacity, wind generation, storage assets, permitting timelines, and power-market conditions. The article noted strong community support, favorable tax credits, and improved profitability expectations. Market observers said the development could influence public opinion around renewable energy and economic policy."
RENEWABLE_076,renewable energy,Bundled public-news-style sample for offline pipeline testing; live mode uses GDELT DOC API,https://example.org/renewable-energy/article-076,BrightFuture Energy Submitted Renewable Energy Update in Florida,2025-08-17,"BrightFuture Energy Submitted Renewable Energy Update in Florida. BrightFuture Energy submitted documents for a proposed clean-power facility in Florida. regulators will review technical, environmental, and financial information. The renewable energy sector continues to balance policy incentives, technology costs, grid reliability, and consumer demand. Executives referenced solar capacity, wind generation, storage assets, permitting timelines, and power-market conditions. The article presented operational data without a strong positive or negative conclusion. Market observers said the development could influence public opinion around renewable energy and economic policy."
RENEWABLE_077,renewable energy,Bundled public-news-style sample for offline pipeline testing; live mode uses GDELT DOC API,https://example.org/renewable-energy/article-077,HydroNova Power Released Renewable Energy Update in California,2025-08-20,"HydroNova Power Released Renewable Energy Update in California. HydroNova Power released its quarterly update on renewable energy operations in California. the report included capacity additions, project milestones, and updated production metrics. The renewable energy sector continues to balance policy incentives, technology costs, grid reliability, and consumer demand. Executives referenced solar capacity, wind generation, storage assets, permitting timelines, and power-market conditions. The article presented operational data without a strong positive or negative conclusion. Market observers said the development could influence public opinion around renewable energy and economic policy."
RENEWABLE_078,renewable energy,Bundled public-news-style sample for offline pipeline testing; live mode uses GDELT DOC API,https://example.org/renewable-energy/article-078,HydroNova Power Warned Renewable Energy Update in Texas,2025-08-23,"HydroNova Power Warned Renewable Energy Update in Texas. HydroNova Power warned that supply-chain delays could slow renewable energy construction in Texas. management said component shortages and permitting bottlenecks may pressure margins. The renewable energy sector continues to balance policy incentives, technology costs, grid reliability, and consumer demand. Executives referenced solar capacity, wind generation, storage assets, permitting timelines, and power-market conditions. The article noted investor concern, project risk, weaker sentiment, and possible pressure on future earnings. Market observers said the development could influence public opinion around renewable energy and economic policy."
RENEWABLE_079,renewable energy,Bundled public-news-style sample for offline pipeline testing; live mode uses GDELT DOC API,https://example.org/renewable-energy/article-079,GreenVolt Utilities Won Renewable Energy Update in Massachusetts,2025-08-26,"GreenVolt Utilities Won Renewable Energy Update in Massachusetts. GreenVolt Utilities won a government contract for clean-grid modernization in Massachusetts. local officials praised the award as a step toward a more resilient power system. The renewable energy sector continues to balance policy incentives, technology costs, grid reliability, and consumer demand. Executives referenced solar capacity, wind generation, storage assets, permitting timelines, and power-market conditions. The article noted strong community support, favorable tax credits, and improved profitability expectations. Market observers said the development could influence public opinion around renewable energy and economic policy."
RENEWABLE_080,renewable energy,Bundled public-news-style sample for offline pipeline testing; live mode uses GDELT DOC API,https://example.org/renewable-energy/article-080,GreenVolt Utilities Warned Renewable Energy Update in Oregon,2025-08-29,"GreenVolt Utilities Warned Renewable Energy Update in Oregon. GreenVolt Utilities warned that supply-chain delays could slow renewable energy construction in Oregon. management said component shortages and permitting bottlenecks may pressure margins. The renewable energy sector continues to balance policy incentives, technology costs, grid reliability, and consumer demand. Executives referenced solar capacity, wind generation, storage assets, permitting timelines, and power-market conditions. The article noted investor concern, project risk, weaker sentiment, and possible pressure on future earnings. Market observers said the development could influence public opinion around renewable energy and economic policy."
RENEWABLE_081,renewable energy,Bundled public-news-style sample for offline pipeline testing; live mode uses GDELT DOC API,https://example.org/renewable-energy/article-081,BrightFuture Energy Submitted Renewable Energy Update in Texas,2025-09-01,"BrightFuture Energy Submitted Renewable Energy Update in Texas. BrightFuture Energy submitted documents for a proposed clean-power facility in Texas. regulators will review technical, environmental, and financial information. The renewable energy sector continues to balance policy incentives, technology costs, grid reliability, and consumer demand. Executives referenced solar capacity, wind generation, storage assets, permitting timelines, and power-market conditions. The article presented operational data without a strong positive or negative conclusion. Market observers said the development could influence public opinion around renewable energy and economic policy."
RENEWABLE_082,renewable energy,Bundled public-news-style sample for offline pipeline testing; live mode uses GDELT DOC API,https://example.org/renewable-energy/article-082,BrightFuture Energy Published Renewable Energy Update in Nevada,2025-09-04,"BrightFuture Energy Published Renewable Energy Update in Nevada. BrightFuture Energy published a market review of clean-energy demand in Nevada. the review compared solar, wind, battery storage, and hydrogen investment trends. The renewable energy sector continues to balance policy incentives, technology costs, grid reliability, and consumer demand. Executives referenced solar capacity, wind generation, storage assets, permitting timelines, and power-market conditions. The article presented operational data without a strong positive or negative conclusion. Market observers said the development could influence public opinion around renewable energy and economic policy."
RENEWABLE_083,renewable energy,Bundled public-news-style sample for offline pipeline testing; live mode uses GDELT DOC API,https://example.org/renewable-energy/article-083,GreenVolt Utilities Secured Renewable Energy Update in Colorado,2025-09-07,"GreenVolt Utilities Secured Renewable Energy Update in Colorado. GreenVolt Utilities secured financing for a new wind farm in Colorado. the funding package was viewed positively by investors because it lowers project execution risk. The renewable energy sector continues to balance policy incentives, technology costs, grid reliability, and consumer demand. Executives referenced solar capacity, wind generation, storage assets, permitting timelines, and power-market conditions. The article noted strong community support, favorable tax credits, and improved profitability expectations. Market observers said the development could influence public opinion around renewable energy and economic policy."
RENEWABLE_084,renewable energy,Bundled public-news-style sample for offline pipeline testing; live mode uses GDELT DOC API,https://example.org/renewable-energy/article-084,NorthStar Transmission Faced Renewable Energy Update in New York,2025-09-10,"NorthStar Transmission Faced Renewable Energy Update in New York. NorthStar Transmission faced criticism over missed clean-energy deployment targets in New York. community groups said the delays could undermine climate commitments. The renewable energy sector continues to balance policy incentives, technology costs, grid reliability, and consumer demand. Executives referenced solar capacity, wind generation, storage assets, permitting timelines, and power-market conditions. The article noted investor concern, project risk, weaker sentiment, and possible pressure on future earnings. Market observers said the development could influence public opinion around renewable energy and economic policy."
RENEWABLE_085,renewable energy,Bundled public-news-style sample for offline pipeline testing; live mode uses GDELT DOC API,https://example.org/renewable-energy/article-085,BlueRiver Infrastructure Warned Renewable Energy Update in Colorado,2025-09-13,"BlueRiver Infrastructure Warned Renewable Energy Update in Colorado. BlueRiver Infrastructure warned that supply-chain delays could slow renewable energy construction in Colorado. management said component shortages and permitting bottlenecks may pressure margins. The renewable energy sector continues to balance policy incentives, technology costs, grid reliability, and consumer demand. Executives referenced solar capacity, wind generation, storage assets, permitting timelines, and power-market conditions. The article noted investor concern, project risk, weaker sentiment, and possible pressure on future earnings. Market observers said the development could influence public opinion around renewable energy and economic policy."
RENEWABLE_086,renewable energy,Bundled public-news-style sample for offline pipeline testing; live mode uses GDELT DOC API,https://example.org/renewable-energy/article-086,SolarGrid Energy Paused Renewable Energy Update in Florida,2025-09-16,"SolarGrid Energy Paused Renewable Energy Update in Florida. SolarGrid Energy paused a planned offshore wind project in Florida. the decision raised concerns about financing risk and regulatory uncertainty. The renewable energy sector continues to balance policy incentives, technology costs, grid reliability, and consumer demand. Executives referenced solar capacity, wind generation, storage assets, permitting timelines, and power-market conditions. The article noted investor concern, project risk, weaker sentiment, and possible pressure on future earnings. Market observers said the development could influence public opinion around renewable energy and economic policy."
RENEWABLE_087,renewable energy,Bundled public-news-style sample for offline pipeline testing; live mode uses GDELT DOC API,https://example.org/renewable-energy/article-087,WindWorks International Outlined Renewable Energy Update in Texas,2025-09-19,"WindWorks International Outlined Renewable Energy Update in Texas. WindWorks International outlined a revised timeline for a transmission upgrade in Texas. the company said the schedule reflects coordination with regional grid operators. The renewable energy sector continues to balance policy incentives, technology costs, grid reliability, and consumer demand. Executives referenced solar capacity, wind generation, storage assets, permitting timelines, and power-market conditions. The article presented operational data without a strong positive or negative conclusion. Market observers said the development could influence public opinion around renewable energy and economic policy."
RENEWABLE_088,renewable energy,Bundled public-news-style sample for offline pipeline testing; live mode uses GDELT DOC API,https://example.org/renewable-energy/article-088,TerraGen Capital Secured Renewable Energy Update in Arizona,2025-09-22,"TerraGen Capital Secured Renewable Energy Update in Arizona. TerraGen Capital secured financing for a new wind farm in Arizona. the funding package was viewed positively by investors because it lowers project execution risk. The renewable energy sector continues to balance policy incentives, technology costs, grid reliability, and consumer demand. Executives referenced solar capacity, wind generation, storage assets, permitting timelines, and power-market conditions. The article noted strong community support, favorable tax credits, and improved profitability expectations. Market observers said the development could influence public opinion around renewable energy and economic policy."
RENEWABLE_089,renewable energy,Bundled public-news-style sample for offline pipeline testing; live mode uses GDELT DOC API,https://example.org/renewable-energy/article-089,WindWorks International Published Renewable Energy Update in Illinois,2025-09-25,"WindWorks International Published Renewable Energy Update in Illinois. WindWorks International published a market review of clean-energy demand in Illinois. the review compared solar, wind, battery storage, and hydrogen investment trends. The renewable energy sector continues to balance policy incentives, technology costs, grid reliability, and consumer demand. Executives referenced solar capacity, wind generation, storage assets, permitting timelines, and power-market conditions. The article presented operational data without a strong positive or negative conclusion. Market observers said the development could influence public opinion around renewable energy and economic policy."
RENEWABLE_090,renewable energy,Bundled public-news-style sample for offline pipeline testing; live mode uses GDELT DOC API,https://example.org/renewable-energy/article-090,HydroNova Power Published Renewable Energy Update in Florida,2025-09-28,"HydroNova Power Published Renewable Energy Update in Florida. HydroNova Power published a market review of clean-energy demand in Florida. the review compared solar, wind, battery storage, and hydrogen investment trends. The renewable energy sector continues to balance policy incentives, technology costs, grid reliability, and consumer demand. Executives referenced solar capacity, wind generation, storage assets, permitting timelines, and power-market conditions. The article presented operational data without a strong positive or negative conclusion. Market observers said the development could influence public opinion around renewable energy and economic policy."
RENEWABLE_091,renewable energy,Bundled public-news-style sample for offline pipeline testing; live mode uses GDELT DOC API,https://example.org/renewable-energy/article-091,BrightFuture Energy Won Renewable Energy Update in Nevada,2025-10-01,"BrightFuture Energy Won Renewable Energy Update in Nevada. BrightFuture Energy won a government contract for clean-grid modernization in Nevada. local officials praised the award as a step toward a more resilient power system. The renewable energy sector continues to balance policy incentives, technology costs, grid reliability, and consumer demand. Executives referenced solar capacity, wind generation, storage assets, permitting timelines, and power-market conditions. The article noted strong community support, favorable tax credits, and improved profitability expectations. Market observers said the development could influence public opinion around renewable energy and economic policy."
RENEWABLE_092,renewable energy,Bundled public-news-style sample for offline pipeline testing; live mode uses GDELT DOC API,https://example.org/renewable-energy/article-092,SunPeak Renewables Secured Renewable Energy Update in Texas,2025-10-04,"SunPeak Renewables Secured Renewable Energy Update in Texas. SunPeak Renewables secured financing for a new wind farm in Texas. the funding package was viewed positively by investors because it lowers project execution risk. The renewable energy sector continues to balance policy incentives, technology costs, grid reliability, and consumer demand. Executives referenced solar capacity, wind generation, storage assets, permitting timelines, and power-market conditions. The article noted strong community support, favorable tax credits, and improved profitability expectations. Market observers said the development could influence public opinion around renewable energy and economic policy."
RENEWABLE_093,renewable energy,Bundled public-news-style sample for offline pipeline testing; live mode uses GDELT DOC API,https://example.org/renewable-energy/article-093,WindWorks International Paused Renewable Energy Update in Texas,2025-10-07,"WindWorks International Paused Renewable Energy Update in Texas. WindWorks International paused a planned offshore wind project in Texas. the decision raised concerns about financing risk and regulatory uncertainty. The renewable energy sector continues to balance policy incentives, technology costs, grid reliability, and consumer demand. Executives referenced solar capacity, wind generation, storage assets, permitting timelines, and power-market conditions. The article noted investor concern, project risk, weaker sentiment, and possible pressure on future earnings. Market observers said the development could influence public opinion around renewable energy and economic policy."
RENEWABLE_094,renewable energy,Bundled public-news-style sample for offline pipeline testing; live mode uses GDELT DOC API,https://example.org/renewable-energy/article-094,HydroNova Power Won Renewable Energy Update in Arizona,2025-10-10,"HydroNova Power Won Renewable Energy Update in Arizona. HydroNova Power won a government contract for clean-grid modernization in Arizona. local officials praised the award as a step toward a more resilient power system. The renewable energy sector continues to balance policy incentives, technology costs, grid reliability, and consumer demand. Executives referenced solar capacity, wind generation, storage assets, permitting timelines, and power-market conditions. The article noted strong community support, favorable tax credits, and improved profitability expectations. Market observers said the development could influence public opinion around renewable energy and economic policy."
RENEWABLE_095,renewable energy,Bundled public-news-style sample for offline pipeline testing; live mode uses GDELT DOC API,https://example.org/renewable-energy/article-095,GreenVolt Utilities Secured Renewable Energy Update in Colorado,2025-10-13,"GreenVolt Utilities Secured Renewable Energy Update in Colorado. GreenVolt Utilities secured financing for a new wind farm in Colorado. the funding package was viewed positively by investors because it lowers project execution risk. The renewable energy sector continues to balance policy incentives, technology costs, grid reliability, and consumer demand. Executives referenced solar capacity, wind generation, storage assets, permitting timelines, and power-market conditions. The article noted strong community support, favorable tax credits, and improved profitability expectations. Market observers said the development could influence public opinion around renewable energy and economic policy."
RENEWABLE_096,renewable energy,Bundled public-news-style sample for offline pipeline testing; live mode uses GDELT DOC API,https://example.org/renewable-energy/article-096,TerraGen Capital Announced Renewable Energy Update in Florida,2025-10-16,"TerraGen Capital Announced Renewable Energy Update in Florida. TerraGen Capital announced a major investment in utility-scale solar capacity in Florida. executives said the project will create jobs, reduce emissions, and improve long-term grid reliability. The renewable energy sector continues to balance policy incentives, technology costs, grid reliability, and consumer demand. Executives referenced solar capacity, wind generation, storage assets, permitting timelines, and power-market conditions. The article noted strong community support, favorable tax credits, and improved profitability expectations. Market observers said the development could influence public opinion around renewable energy and economic policy."
RENEWABLE_097,renewable energy,Bundled public-news-style sample for offline pipeline testing; live mode uses GDELT DOC API,https://example.org/renewable-energy/article-097,WindWorks International Announced Renewable Energy Update in Massachusetts,2025-10-19,"WindWorks International Announced Renewable Energy Update in Massachusetts. WindWorks International announced a major investment in utility-scale solar capacity in Massachusetts. executives said the project will create jobs, reduce emissions, and improve long-term grid reliability. The renewable energy sector continues to balance policy incentives, technology costs, grid reliability, and consumer demand. Executives referenced solar capacity, wind generation, storage assets, permitting timelines, and power-market conditions. The article noted strong community support, favorable tax credits, and improved profitability expectations. Market observers said the development could influence public opinion around renewable energy and economic policy."
RENEWABLE_098,renewable energy,Bundled public-news-style sample for offline pipeline testing; live mode uses GDELT DOC API,https://example.org/renewable-energy/article-098,SolarGrid Energy Reported Renewable Energy Update in Colorado,2025-10-22,"SolarGrid Energy Reported Renewable Energy Update in Colorado. SolarGrid Energy reported higher costs for solar panels and inverters in Colorado. investors reacted cautiously as inflation reduced expected project returns. The renewable energy sector continues to balance policy incentives, technology costs, grid reliability, and consumer demand. Executives referenced solar capacity, wind generation, storage assets, permitting timelines, and power-market conditions. The article noted investor concern, project risk, weaker sentiment, and possible pressure on future earnings. Market observers said the development could influence public opinion around renewable energy and economic policy."
RENEWABLE_099,renewable energy,Bundled public-news-style sample for offline pipeline testing; live mode uses GDELT DOC API,https://example.org/renewable-energy/article-099,SunPeak Renewables Cut Renewable Energy Update in New York,2025-10-25,"SunPeak Renewables Cut Renewable Energy Update in New York. SunPeak Renewables cut its annual outlook after grid-connection delays in New York. analysts called the update disappointing and lowered near-term growth estimates. The renewable energy sector continues to balance policy incentives, technology costs, grid reliability, and consumer demand. Executives referenced solar capacity, wind generation, storage assets, permitting timelines, and power-market conditions. The article noted investor concern, project risk, weaker sentiment, and possible pressure on future earnings. Market observers said the development could influence public opinion around renewable energy and economic policy."
RENEWABLE_100,renewable energy,Bundled public-news-style sample for offline pipeline testing; live mode uses GDELT DOC API,https://example.org/renewable-energy/article-100,TerraGen Capital Warned Renewable Energy Update in Massachusetts,2025-10-28,"TerraGen Capital Warned Renewable Energy Update in Massachusetts. TerraGen Capital warned that supply-chain delays could slow renewable energy construction in Massachusetts. management said component shortages and permitting bottlenecks may pressure margins. The renewable energy sector continues to balance policy incentives, technology costs, grid reliability, and consumer demand. Executives referenced solar capacity, wind generation, storage assets, permitting timelines, and power-market conditions. The article noted investor concern, project risk, weaker sentiment, and possible pressure on future earnings. Market observers said the development could influence public opinion around renewable energy and economic policy."
